{"start_url":"/","scope":"/","theme_color":"#f1c800","background_color":"#f1c800","display":"standalone","name":"Shaharlararo Online taxi","short_name":"Online taxi","description":"Shaharlar bo'yicha qulaylashtirilgan online taxi xizmati","icons":[{"src":"./pwa/maskable_icon_x48.png","sizes":"48x48","type":"image/png"},{"src":"./pwa/maskable_icon_x72.png","sizes":"72x72","type":"image/png"},{"src":"./pwa/maskable_icon_x96.png","sizes":"96x96","type":"image/png"},{"src":"./pwa/maskable_icon_x128.png","sizes":"128x128","type":"image/png"},{"src":"./pwa/maskable_icon_x192.png","sizes":"192x192","type":"image/png","purpose":"any"},{"src":"./pwa/maskable_icon_x512.png","sizes":"512x512","type":"image/png","purpose":"maskable"}],"targetSdkVersion":34,"minimum_sdk_version":34}